{"cameraMode":{"drawMode":0,"name":"Shaded","section":"Shading Mode"},"sceneLighting":true,"audioPlay":false,"sceneViewState":{"m_AlwaysRefresh":false,"showFog":true,"showSkybox":true,"showFlares":true,"showImageEffects":true,"showParticleSystems":true,"showVisualEffectGraphs":true,"m_FxEnabled":false},"in2DMode":false,"pivot":{"x":-0.7357322573661804,"y":2.2889013290405275,"z":-1.766281008720398},"rotation":{"x":0.215110644698143,"y":0.029256882146000863,"z":-0.006596410181373358,"w":0.9761712551116943},"size":-0.005872796755284071,"orthographic":false}