{"cameraMode":{"drawMode":0,"name":"Shaded","section":"Shading Mode"},"sceneLighting":true,"audioPlay":true,"sceneViewState":{"m_AlwaysRefresh":false,"showFog":true,"showSkybox":true,"showFlares":true,"showImageEffects":true,"showParticleSystems":true,"showVisualEffectGraphs":true,"m_FxEnabled":false},"in2DMode":false,"pivot":{"x":-0.09693630784749985,"y":0.8280572891235352,"z":-0.6517873406410217},"rotation":{"x":0.03146454691886902,"y":0.9685285091400147,"z":-0.17714166641235352,"w":0.17204070091247559},"size":0.35922569036483767,"orthographic":false}