{"cameraMode":{"drawMode":0,"name":"Shaded","section":"Shading Mode"},"sceneLighting":true,"audioPlay":false,"sceneViewState":{"m_AlwaysRefresh":false,"showFog":true,"showSkybox":true,"showFlares":true,"showImageEffects":true,"showParticleSystems":true,"showVisualEffectGraphs":true,"m_FxEnabled":false},"in2DMode":false,"pivot":{"x":0.29500001668930056,"y":1.1500000953674317,"z":1.5119999647140504},"rotation":{"x":-0.06873226910829544,"y":-0.09916768223047257,"z":0.007127498276531696,"w":-0.9927389621734619},"size":1.8366237878799439,"orthographic":false}